"goods_img","goods_title","goods_price","goods_sales","shop_title","shop_platform","goods_link","grab_time","page_type"
"https://imgservice5.suning.cn/uimg1/b2c/image/TGwzZHhq6gxXI0OD0GQ3MQ.jpg_400w_400h_4e","斐乐(FILA)复古潮流跑鞋高帮系带休闲运动鞋户外鞋男士经典卡通联本店商品均为海外正品，假一罚十，到货周期4-6周左右！！","152900.00","0","hot海外专营店","苏宁","https://product.suning.com/0070207678/12445407216.html","2025-07-04 14:42","product"
"https://imgservice5.suning.cn/uimg1/b2c/image/pYjlANqRUVsOnR7dmpKGzA.jpg_400w_400h_4e","斐乐(FILA)女士跑步鞋轻便舒适缓震透气运动鞋 jogging鞋本店商品均为海外正品，假一罚十，到货周期4-6周左右！！","141300.00","0","hot海外专营店","苏宁","https://product.suning.com/0070207678/12445407219.html","2025-07-04 14:42","product"
"https://imgservice3.suning.cn/uimg1/b2c/image/ZeO3O-8QcBN2k-FMS2ydNw.jpg_400w_400h_4e","斐乐(FILA)女士轻便透气皮革系带运动休闲跑鞋户外潮牌厚底拼接女本店商品均为海外正品，假一罚十，到货周期4-6周左右！！","81600.00","0","hot海外专营店","苏宁","https://product.suning.com/0070207678/12445407293.html","2025-07-04 14:42","product"
"https://imgservice3.suning.cn/uimg1/b2c/image/wIEWv7DolJ35U8GGiFYkbw.jpg_400w_400h_4e","斐乐(FILA)女士运动跑步鞋轻便舒适耐磨减震休闲百搭潮鞋本店商品均为海外正品，假一罚十，到货周期4-6周左右！！","152700.00","0","hot海外专营店","苏宁","https://product.suning.com/0070207678/12445407296.html","2025-07-04 14:42","product"
"https://imgservice3.suning.cn/uimg1/b2c/image/TmJFQQG3LHsjsxTdezTzFw.jpg_400w_400h_4e","斐乐(FILA)女款复古跑鞋潮流厚底FILA鲨鱼底休闲运动鞋黑灰拼接连 Black 38本店商品均为海外正品，假一罚十，到货周期4-6周左右！！","112300.00","0","hot海外专营店","苏宁","https://product.suning.com/0070207678/12445407313.html","2025-07-04 14:42","product"
"https://imgservice3.suning.cn/uimg1/b2c/image/qEF-Xw8WXM3GBzBctoOjqQ.jpg_400w_400h_4e","斐乐(FILA)女款运动跑鞋轻便舒适耐磨透气休闲跑步鞋 Black_Phantom 38本店商品均为海外正品，假一罚十，到货周期4-6周左右！！","153000.00","0","hot海外专营店","苏宁","https://product.suning.com/0070207678/12445407315.html","2025-07-04 14:42","product"
"https://imgservice1.suning.cn/uimg1/b2c/image/tqdDBMXocJIvoU3QbLoDYw.jpg_400w_400h_4e","斐乐(FILA)女士运动休闲镂空拼接皮革系带跑鞋舒适防滑耐磨训练鞋本店商品均为海外正品，假一罚十，到货周期4-6周左右！！","81600.00","0","hot海外专营店","苏宁","https://product.suning.com/0070207678/12445407415.html","2025-07-04 14:42","product"
"https://imgservice1.suning.cn/uimg1/b2c/image/_xHmn5ACFyABfkiSSG5R8Q.jpg_400w_400h_4e","斐乐(FILA)女士运动跑步鞋轻便缓震舒适训练鞋适合健身慢跑日常通 Marshmallow_Sepia_Tint 37.5本店商品均为海外正品，假一罚十，到货周期4-6周左右！！","151600.00","0","hot海外专营店","苏宁","https://product.suning.com/0070207678/12445407418.html","2025-07-04 14:42","product"
"https://imgservice1.suning.cn/uimg1/b2c/image/-QDuAxze5EW1PosBe9DmCA.jpg_400w_400h_4e","斐乐(FILA)女士运动跑步鞋轻便舒适透气休闲健身鞋春夏季户外 jog本店商品均为海外正品，假一罚十，到货周期4-6周左右！！","140500.00","0","hot海外专营店","苏宁","https://product.suning.com/0070207678/12445407420.html","2025-07-04 14:42","product"
"https://imgservice4.suning.cn/uimg1/b2c/image/gkv8C7uf1N0rAQSWFgAMLA.jpg_400w_400h_4e","斐乐(FILA)男子跑步鞋轻便缓震透气运动鞋 jogging鞋男潮流休闲跑本店商品均为海外正品，假一罚十，到货周期4-6周左右！！","188300.00","0","hot海外专营店","苏宁","https://product.suning.com/0070207678/12445407530.html","2025-07-04 14:42","product"
"https://imgservice5.suning.cn/uimg1/b2c/image/bq77ZMpR8la6f6JgGf21qw.jpg_400w_400h_4e","斐乐(FILA)fila女士运动跑鞋女款休闲鞋潮板鞋青春百搭减震跑步鞋 Black_Geranium_Pink 36本店商品均为海外正品，假一罚十，到货周期4-6周左右！！","144000.00","0","hot海外专营店","苏宁","https://product.suning.com/0070207678/12445422955.html","2025-07-04 14:42","product"
"https://imgservice5.suning.cn/uimg1/b2c/image/mKPxH2XQEvN8xrHNmK041w.jpg_400w_400h_4e","斐乐(FILA)女士运动鞋轻便舒适多用途训练跑步鞋 White_Rose_Gold 36本店商品均为海外正品，假一罚十，到货周期4-6周左右！！","143700.00","0","hot海外专营店","苏宁","https://product.suning.com/0070207678/12445422962.html","2025-07-04 14:42","product"
"https://imgservice5.suning.cn/uimg1/b2c/image/WpzJEQy_o23VeisPghqe-A.jpg_400w_400h_4e","斐乐(FILA)女款专业运动跑鞋轻便灵活赛场利器休闲百搭潮流单品本店商品均为海外正品，假一罚十，到货周期4-6周左右！！","117700.00","0","hot海外专营店","苏宁","https://product.suning.com/0070207678/12445422980.html","2025-07-04 14:42","product"
"https://imgservice5.suning.cn/uimg1/b2c/image/eeVLN60jnZQbSn0N4cQVAQ.jpg_400w_400h_4e","斐乐(FILA)透气跑鞋男运动跑步鞋轻便缓震休闲鞋男 jogging鞋本店商品均为海外正品，假一罚十，到货周期4-6周左右！！","109300.00","0","hot海外专营店","苏宁","https://product.suning.com/0070207678/12445422989.html","2025-07-04 14:42","product"
"https://imgservice2.suning.cn/uimg1/b2c/image/b3RTH9MzYHC_lwaXEFDVIg.jpg_400w_400h_4e","斐乐(FILA)高性价比运动鞋男款多功能训练鞋缓震稳定跑步健身鞋 Black_Phantom 43本店商品均为海外正品，假一罚十，到货周期4-6周左右！！","153000.00","0","hot海外专营店","苏宁","https://product.suning.com/0070207678/12445423009.html","2025-07-04 14:42","product"
"https://imgservice1.suning.cn/uimg1/b2c/image/hP24GxG15O7hFw-yrP6BQA.jpg_400w_400h_4e","斐乐(FILA)男士运动跑鞋轻便舒适耐磨防滑休闲训练鞋 White_Lapis_Blue 42本店商品均为海外正品，假一罚十，到货周期4-6周左右！！","221300.00","0","hot海外专营店","苏宁","https://product.suning.com/0070207678/12445456268.html","2025-07-04 14:42","product"
"https://imgservice4.suning.cn/uimg1/b2c/image/Afs1ke2-O5Zt2FBYLmVUaw.jpg_400w_400h_4e","斐乐(FILA)女款低帮休闲运动鞋简约百搭配色时尚日常百搭板鞋海外直邮 正品保证","150500.00","0","奢品海外专营店","苏宁","https://product.suning.com/0070653458/12443012153.html","2025-07-04 14:42","product"
"https://imgservice2.suning.cn/uimg1/b2c/image/vmnf7YacyLlbjAG2MN9CYA.jpg_400w_400h_4e","斐乐(FILA)意大利设计复古板鞋女低帮运动休闲鞋百搭潮牌鞋海外直邮 正品保证","141400.00","0","奢品海外专营店","苏宁","https://product.suning.com/0070653458/12443012282.html","2025-07-04 14:42","product"
"https://imgservice2.suning.cn/uimg1/b2c/image/inus9a9BAy0faD3A9Vql4A.jpg_400w_400h_4e","斐乐(FILA)厚底复古板鞋女鞋2023新款时尚百搭增高运动休闲鞋chun海外直邮 正品保证","160400.00","0","奢品海外专营店","苏宁","https://product.suning.com/0070653458/12443012314.html","2025-07-04 14:42","product"
"https://imgservice5.suning.cn/uimg1/b2c/image/WW_WSmc7tdZ03n2A3EiS_w.jpg_400w_400h_4e","斐乐(FILA)FILA男士低帮运动鞋休闲板鞋经典百搭网球风格小白鞋 White_Fila_Navy 39海外直邮 正品保证","121500.00","0","奢品海外专营店","苏宁","https://product.suning.com/0070653458/12443012450.html","2025-07-04 14:42","product"
"https://imgservice1.suning.cn/uimg1/b2c/image/vxf3NBluM9JSmAL3mucj2g.jpg_400w_400h_4e","斐乐(FILA)女款低帮帆布鞋休闲运动鞋经典轻便百搭配色板鞋海外直邮 正品保证","110800.00","0","奢品海外专营店","苏宁","https://product.suning.com/0070653458/12443012486.html","2025-07-04 14:42","product"
"https://imgservice2.suning.cn/uimg1/b2c/image/ep2wkpRxYZQw6p_e7uFZkQ.jpg_400w_400h_4e","斐乐(FILA)女士休闲板鞋轻便百搭春季新款运动鞋低帮帆布鞋海外直邮 正品保证","119000.00","0","奢品海外专营店","苏宁","https://product.suning.com/0070653458/12443012819.html","2025-07-04 14:42","product"
"https://imgservice3.suning.cn/uimg1/b2c/image/iuTg3vtJkCzcFTRflzI8Tg.jpg_400w_400h_4e","斐乐(FILA)男士防滑低帮工装运动鞋时尚休闲百搭职业鞋工装潮鞋海外直邮 正品保证","146400.00","0","奢品海外专营店","苏宁","https://product.suning.com/0070653458/12443012835.html","2025-07-04 14:42","product"
"https://imgservice4.suning.cn/uimg1/b2c/image/sFmSVZpKj9jcMZNhRlKO9g.jpg_400w_400h_4e","斐乐(FILA)女鞋休闲板鞋简约百搭配色时尚舒适日常通勤运动鞋海外直邮 正品保证","176600.00","0","奢品海外专营店","苏宁","https://product.suning.com/0070653458/12443012916.html","2025-07-04 14:42","product"
"https://imgservice5.suning.cn/uimg1/b2c/image/EZURME3C4Yrojz0D7H_jFw.jpg_400w_400h_4e","斐乐(FILA)女鞋休闲运动板鞋低帮百搭舒适潮流帆布鞋 White 40海外直邮 正品保证","163200.00","0","奢品海外专营店","苏宁","https://product.suning.com/0070653458/12443012932.html","2025-07-04 14:42","product"
"https://imgservice4.suning.cn/uimg1/b2c/image/0-0uoBjc-RPlX4vtlNwATw.jpg_400w_400h_4e","斐乐(FILA)FILA男鞋休闲板鞋经典复刻潮流运动鞋男百搭舒适街头风 White_Verdant_Green 42海外直邮 正品保证","164000.00","0","奢品海外专营店","苏宁","https://product.suning.com/0070653458/12443013044.html","2025-07-04 14:42","product"
"https://imgservice4.suning.cn/uimg1/b2c/image/yYTLP2C4c0FUhPP6jmGMtQ.jpg_400w_400h_4e","斐乐(FILA)潮流复古厚底休闲鞋女百搭运动鞋90s风格个性设计女款海外直邮 正品保证","154600.00","0","奢品海外专营店","苏宁","https://product.suning.com/0070653458/12443013277.html","2025-07-04 14:42","product"
"https://imgservice2.suning.cn/uimg1/b2c/image/NhhKTfqZMj1a0etYmK46tw.jpg_400w_400h_4e","斐乐(FILA)男款休闲板鞋轻便舒适百搭运动鞋夏季透气潮牌鞋子海外直邮 正品保证","153300.00","0","奢品海外专营店","苏宁","https://product.suning.com/0070653458/12443013429.html","2025-07-04 14:42","product"
"https://imgservice4.suning.cn/uimg1/b2c/image/pdB4wCKEShvQFJWZA0NcHQ.jpg_400w_400h_4e","斐乐(FILA)男鞋休闲运动板鞋轻便舒适百搭潮流复古帆布鞋 Antique_White_Antique_White 44海外直邮 正品保证","189800.00","0","奢品海外专营店","苏宁","https://product.suning.com/0070653458/12443013549.html","2025-07-04 14:42","product"
"https://imgservice5.suning.cn/uimg1/b2c/image/nQ2RmV2o5-h2b6gwd8AJoQ.jpg_400w_400h_4e","斐乐(FILA)潮流休闲运动板鞋男春季新款百搭舒适男士帆布鞋 White 42海外直邮 正品保证","143400.00","0","奢品海外专营店","苏宁","https://product.suning.com/0070653458/12443014216.html","2025-07-04 14:42","product"
"https://imgservice2.suning.cn/uimg1/b2c/image/o_K7EJtLOWIvsaKW2u7zUQ.jpg_400w_400h_4e","斐乐(FILA)百搭男士低帮休闲鞋轻便舒适潮流拼接运动板鞋海外直邮 正品保证","173700.00","0","奢品海外专营店","苏宁","https://product.suning.com/0070653458/12443014550.html","2025-07-04 14:42","product"
"https://imgservice4.suning.cn/uimg1/b2c/image/w214YxMvCSKtaAM35bZHFQ.jpg_400w_400h_4e","斐乐(FILA)男士网面运动休闲鞋新风格鞋底成功设计板鞋潮流百搭 White_Verdant_Green 40海外直邮 正品保证","124700.00","0","奢品海外专营店","苏宁","https://product.suning.com/0070653458/12443014635.html","2025-07-04 14:42","product"
"https://imgservice4.suning.cn/uimg1/b2c/image/YO0NjuC29bdkbUzz0QbZog.jpg_400w_400h_4e","斐乐(FILA)fila女鞋休闲百搭运动板鞋1994经典复刻版日常通勤轻便 Marshmallow_Pale_Mauve 36海外直邮 正品保证","209500.00","0","奢品海外专营店","苏宁","https://product.suning.com/0070653458/12443014659.html","2025-07-04 14:42","product"
"https://imgservice4.suning.cn/uimg1/b2c/image/BGgYVegli7bo4jpdb57ksw.jpg_400w_400h_4e","斐乐(FILA)潮流经典男士休闲板鞋百搭舒适运动鞋日常通勤休闲鞋海外直邮 正品保证","123800.00","0","奢品海外专营店","苏宁","https://product.suning.com/0070653458/12443015307.html","2025-07-04 14:42","product"
"https://imgservice2.suning.cn/uimg1/b2c/image/HWQW_r9oe55UgN4gdu-ayA.jpg_400w_400h_4e","斐乐(FILA)潮流男士休闲板鞋百搭舒适运动鞋春秋季帆布鞋 Gray_Violet 45海外直邮 正品保证","125700.00","0","奢品海外专营店","苏宁","https://product.suning.com/0070653458/12443355444.html","2025-07-04 14:42","product"
"https://imgservice5.suning.cn/uimg1/b2c/image/u6xguA4hwi6IgIXDHKsZSQ.jpg_400w_400h_4e","斐乐(FILA)女士复古厚底板鞋休闲鞋百搭运动鞋潮牌小白鞋 White_Fiery_Coral 39.5海外直邮 正品保证","197300.00","0","奢品海外专营店","苏宁","https://product.suning.com/0070653458/12445111679.html","2025-07-04 14:42","product"
"https://imgservice4.suning.cn/uimg1/b2c/image/aM5954Qq3DYu9v_4YL_Fsg.jpg_400w_400h_4e","斐乐(FILA)厚底增高复古运动鞋女休闲鞋百搭潮牌板鞋厚底鞋海外直邮 正品保证","167500.00","0","奢品海外专营店","苏宁","https://product.suning.com/0070653458/12445562470.html","2025-07-04 14:42","product"
"https://imgservice1.suning.cn/uimg1/b2c/image/m4jkamukU_p8ug3LzRqxLQ.jpg_400w_400h_4e","斐乐(FILA)男款低帮休闲运动鞋经典百搭 Lace-up透气减震跑步鞋海外直邮 正品保证","119900.00","0","奢品海外专营店","苏宁","https://product.suning.com/0070653458/12445562641.html","2025-07-04 14:42","product"
"https://imgservice4.suning.cn/uimg1/b2c/image/eYHsrTjehRva4PZiJuB1Jw.jpg_400w_400h_4e","斐乐(FILA)透气跑鞋男运动鞋 jogging鞋休闲百搭防滑减震跑步鞋海外直邮 正品保证","166300.00","0","奢品海外专营店","苏宁","https://product.suning.com/0070653458/12445562710.html","2025-07-04 14:42","product"
"https://imgservice4.suning.cn/uimg1/b2c/image/DJv8-4XfZnoOYcoKL5NQYQ.jpg_400w_400h_4e","斐乐(FILA)FILA男士FXVENTUNO轻便休闲运动板鞋潮流百搭经典款 Black_Grey_Violet 40海外直邮 正品保证","187100.00","0","奢品海外专营店","苏宁","https://product.suning.com/0070653458/12446010737.html","2025-07-04 14:42","product"
"https://imgservice1.suning.cn/uimg1/b2c/image/yqeJFtCapknBJ1HXJAz3DQ.jpg_400w_400h_4e","斐乐(FILA)fila男鞋休闲板鞋轻便舒适百搭运动鞋 Black 45海外直邮 正品保证","164700.00","0","奢品海外专营店","苏宁","https://product.suning.com/0070653458/12446011042.html","2025-07-04 14:42","product"
"https://imgservice1.suning.cn/uimg1/b2c/image/oU6PqD0dpsRV8mGLIv3oNA.jpg_400w_400h_4e","斐乐(FILA)男士休闲板鞋轻便百搭运动鞋潮流简约透气舒适男鞋海外直邮 正品保证","181800.00","0","奢品海外专营店","苏宁","https://product.suning.com/0070653458/12446011045.html","2025-07-04 14:42","product"
"https://imgservice5.suning.cn/uimg1/b2c/image/X3w7IPxs9-LUZfTLCXFArQ.jpg_400w_400h_4e","斐乐(FILA)男款低帮休闲运动鞋百搭舒适潮流板鞋春季夏季秋季穿搭 Black 43海外直邮 正品保证","168400.00","0","奢品海外专营店","苏宁","https://product.suning.com/0070653458/12446011052.html","2025-07-04 14:42","product"
"https://imgservice4.suning.cn/uimg1/b2c/image/seytQYFhpcYMi9XdmtTq-g.jpg_400w_400h_4e","斐乐(FILA)潮流休闲板鞋男鞋春季新款百搭帆布鞋男士拼接撞色运动海外直邮 正品保证","128200.00","0","奢品海外专营店","苏宁","https://product.suning.com/0070653458/12446011117.html","2025-07-04 14:42","product"
"https://imgservice3.suning.cn/uimg1/b2c/image/aLLsX95oVNSyq7ARZ8vOsw.jpg_400w_400h_4e","斐乐(FILA)潮流复古板鞋男鞋FILA经典复刻简约百搭休闲运动鞋海外直邮 正品保证","173700.00","0","奢品海外专营店","苏宁","https://product.suning.com/0070653458/12446011153.html","2025-07-04 14:42","product"
"https://imgservice3.suning.cn/uimg1/b2c/image/jJ8uqyqbHcm0hTg76vivsg.jpg_400w_400h_4e","斐乐(FILA)男士休闲板鞋轻便舒适百搭运动鞋春季新款潮流鞋子 Turtledove 40海外直邮 正品保证","173400.00","0","奢品海外专营店","苏宁","https://product.suning.com/0070653458/12446011163.html","2025-07-04 14:42","product"
"https://imgservice3.suning.cn/uimg1/b2c/image/2DECYdsJkhtldFkrNrcq2A.jpg_400w_400h_4e","斐乐(FILA)男款低帮休闲运动鞋轻便舒适百搭潮流板鞋海外直邮 正品保证","218200.00","0","奢品海外专营店","苏宁","https://product.suning.com/0070653458/12446011165.html","2025-07-04 14:42","product"
"https://imgservice3.suning.cn/uimg1/b2c/image/iGais6xUbfK_KsB7HtWkqQ.jpg_400w_400h_4e","斐乐(FILA)经典复刻版休闲板鞋男鞋百搭简约潮流运动鞋海外直邮 正品保证","163700.00","0","奢品海外专营店","苏宁","https://product.suning.com/0070653458/12446011168.html","2025-07-04 14:42","product"
"https://imgservice5.suning.cn/uimg1/b2c/image/ohkBpi7sKKL7sNax1m5gsg.jpg_400w_400h_4e","斐乐(FILA)复古跑鞋男鞋休闲百搭经典板鞋舒适透气运动鞋男海外直邮 正品保证","147900.00","0","奢品海外专营店","苏宁","https://product.suning.com/0070653458/12446011322.html","2025-07-04 14:42","product"
"https://imgservice5.suning.cn/uimg1/b2c/image/G_jrSbKuoeLx_cVABKANCQ.jpg_400w_400h_4e","斐乐(FILA)女士休闲板鞋百搭舒适运动鞋夏季轻便防滑女鞋日常穿搭海外直邮 正品保证","176600.00","0","奢品海外专营店","苏宁","https://product.suning.com/0070653458/12446011329.html","2025-07-04 14:42","product"
"https://imgservice5.suning.cn/uimg1/b2c/image/WyHlx_DhM1Lh1EDrK1hemw.jpg_400w_400h_4e","斐乐(FILA)男士休闲板鞋轻便百搭运动鞋潮流时尚休闲鞋春夏季海外直邮 正品保证","142500.00","0","奢品海外专营店","苏宁","https://product.suning.com/0070653458/12446011340.html","2025-07-04 14:42","product"
"https://imgservice4.suning.cn/uimg1/b2c/image/kMzFmdHFG7oLBM7SnC627w.jpg_400w_400h_4e","斐乐(FILA)经典百搭低帮休闲运动鞋男款时尚轻便潮牌板鞋海外直邮 正品保证","149900.00","0","奢品海外专营店","苏宁","https://product.suning.com/0070653458/12446011406.html","2025-07-04 14:42","product"
"https://imgservice4.suning.cn/uimg1/b2c/image/PbwLZzE4SIppvAmOzjOr2A.jpg_400w_400h_4e","斐乐(FILA)女鞋休闲板鞋百搭舒适运动鞋春季新款透气减震帆布鞋海外直邮 正品保证","148000.00","0","奢品海外专营店","苏宁","https://product.suning.com/0070653458/12446011629.html","2025-07-04 14:42","product"
"https://imgservice4.suning.cn/uimg1/b2c/image/VBpM8_J327bJAILk0IB8uA.jpg_400w_400h_4e","斐乐(FILA)女鞋百搭休闲板鞋低帮轻便舒适运动鞋春夏款海外直邮 正品保证","152600.00","0","奢品海外专营店","苏宁","https://product.suning.com/0070653458/12446011636.html","2025-07-04 14:42","product"
"https://imgservice3.suning.cn/uimg1/b2c/image/McvYg0o_FMCJKkDpjJV2kw.jpg_400w_400h_4e","斐乐(FILA)男子低帮休闲运动鞋轻便百搭潮流板鞋春夏透气舒适日常海外直邮 正品保证","177800.00","0","奢品海外专营店","苏宁","https://product.suning.com/0070653458/12446011704.html","2025-07-04 14:42","product"
"https://imgservice2.suning.cn/uimg1/b2c/image/vQ1pfC3gxq9r9MHeQJIi4w.jpg_400w_400h_4e","斐乐(FILA)百搭低帮休闲运动鞋女款轻便舒适时尚百搭春季秋季板鞋海外直邮 正品保证","168000.00","0","奢品海外专营店","苏宁","https://product.suning.com/0070653458/12446011716.html","2025-07-04 14:42","product"
"https://imgservice2.suning.cn/uimg1/b2c/image/VxcjuJW2CXUpiTyO1i-3vQ.jpg_400w_400h_4e","斐乐(FILA)斐乐男士休闲运动板鞋轻便百搭春季新款潮流帆布鞋 Black_White 43海外直邮 正品保证","161800.00","0","奢品海外专营店","苏宁","https://product.suning.com/0070653458/12446012099.html","2025-07-04 14:42","product"
"https://imgservice2.suning.cn/uimg1/b2c/image/KbcEh8T_IAVdK75LXUva8Q.jpg_400w_400h_4e","斐乐(FILA)潮流休闲板鞋男鞋春季新款轻便舒适百搭配色运动鞋 Turtledove 43海外直邮 正品保证","181800.00","0","奢品海外专营店","苏宁","https://product.suning.com/0070653458/12446012116.html","2025-07-04 14:42","product"
"https://imgservice2.suning.cn/uimg1/b2c/image/Yyz5KI4yKgT9pEZoRJCEsQ.jpg_400w_400h_4e","斐乐(FILA)潮流经典男士休闲板鞋百搭舒适运动鞋日常通勤鞋海外直邮 正品保证","154600.00","0","奢品海外专营店","苏宁","https://product.suning.com/0070653458/12446012118.html","2025-07-04 14:42","product"
"https://imgservice1.suning.cn/uimg1/b2c/image/pt9mkGTKYU1vtVzSBS2sqg.jpg_400w_400h_4e","斐乐(FILA)男款休闲板鞋轻便舒适印花趣味潮流运动鞋日常百搭 sne海外直邮 正品保证","175100.00","0","奢品海外专营店","苏宁","https://product.suning.com/0070653458/12446012144.html","2025-07-04 14:42","product"
"https://imgservice1.suning.cn/uimg1/b2c/image/VIs6PYh3TZlbvqG05N0TcQ.jpg_400w_400h_4e","斐乐(FILA)男款休闲板鞋轻便舒适百搭潮流运动鞋 White 45海外直邮 正品保证","252300.00","0","奢品海外专营店","苏宁","https://product.suning.com/0070653458/12446012164.html","2025-07-04 14:42","product"
"https://imgservice5.suning.cn/uimg1/b2c/image/GT3dTu786YWJqu_Yxa35Og.jpg_400w_400h_4e","斐乐(FILA)经典复刻FILA篮球鞋男鞋简约百搭休闲运动板鞋海外直邮 正品保证","153900.00","0","奢品海外专营店","苏宁","https://product.suning.com/0070653458/12446012191.html","2025-07-04 14:42","product"
"https://imgservice2.suning.cn/uimg1/b2c/image/b4UFGOmivQORnD_rT3MgvA.jpg_400w_400h_4e","斐乐(FILA)FILA男士低帮运动鞋休闲板鞋潮流百搭篮球风格时尚经典海外直邮 正品保证","187100.00","0","奢品海外专营店","苏宁","https://product.suning.com/0070653458/12446012372.html","2025-07-04 14:42","product"
"https://imgservice1.suning.cn/uimg1/b2c/image/siGsADfG4jnvf_svbHJlTQ.jpg_400w_400h_4e","斐乐(FILA)FILA男士低帮运动鞋经典网球风休闲板鞋舒适百搭日常潮 White_Burnt_Olive 44海外直邮 正品保证","160600.00","0","奢品海外专营店","苏宁","https://product.suning.com/0070653458/12446012385.html","2025-07-04 14:42","product"
"https://imgservice5.suning.cn/uimg1/b2c/image/jtJpJ0Ooj9lcIKcMWM8u_A.jpg_400w_400h_4e","斐乐(FILA)女士休闲板鞋轻便百搭运动鞋春季新款时尚潮流女鞋海外直邮 正品保证","177500.00","0","奢品海外专营店","苏宁","https://product.suning.com/0070653458/12446012473.html","2025-07-04 14:42","product"
"https://imgservice4.suning.cn/uimg1/b2c/image/0aeF_AIjaM44Ge6EGcpZYA.jpg_400w_400h_4e","斐乐(FILA)男士休闲板鞋轻便百搭时尚运动鞋春夏潮牌鞋子海外直邮 正品保证","173800.00","0","奢品海外专营店","苏宁","https://product.suning.com/0070653458/12446012495.html","2025-07-04 14:42","product"
"https://imgservice2.suning.cn/uimg1/b2c/image/r8drpTXLLQK_Ik3cMVq-xg.jpg_400w_400h_4e","斐乐(FILA)fila男鞋经典百搭板鞋休闲运动鞋潮流supersizedF-box海外直邮 正品保证","150100.00","0","奢品海外专营店","苏宁","https://product.suning.com/0070653458/12446012621.html","2025-07-04 14:42","product"
"https://imgservice1.suning.cn/uimg1/b2c/image/hS8IGMdrVFzjlQqDh-BjbQ.jpg_400w_400h_4e","斐乐(FILA)斐乐男鞋百搭休闲板鞋轻便舒适运动鞋男低帮潮男鞋子海外直邮 正品保证","148100.00","0","奢品海外专营店","苏宁","https://product.suning.com/0070653458/12446012638.html","2025-07-04 14:42","product"
"https://imgservice1.suning.cn/uimg1/b2c/image/BBrDrUVlOg_gIaL1obcHYw.jpg_400w_400h_4e","斐乐(FILA)男款休闲板鞋户外风格防滑耐磨运动鞋潮流百搭配色 Castlerock_Feather_Gray 41海外直邮 正品保证","172500.00","0","奢品海外专营店","苏宁","https://product.suning.com/0070653458/12446012661.html","2025-07-04 14:42","product"
"https://imgservice4.suning.cn/uimg1/b2c/image/AYxFNH09iwuY57x3yQOkGw.jpg_400w_400h_4e","斐乐(FILA)女士低帮休闲鞋轻便百搭春季新款运动鞋日常百搭板鞋海外直邮 正品保证","144900.00","0","奢品海外专营店","苏宁","https://product.suning.com/0070653458/12446012976.html","2025-07-04 14:42","product"
"https://imgservice1.suning.cn/uimg1/b2c/image/MM25sd8kjgtff2bDUeeZyA.jpg_400w_400h_4e","斐乐(FILA)女款低帮休闲鞋轻便舒适百搭运动板鞋春季秋季潮流鞋海外直邮 正品保证","162400.00","0","奢品海外专营店","苏宁","https://product.suning.com/0070653458/12446013292.html","2025-07-04 14:42","product"
"https://imgservice5.suning.cn/uimg1/b2c/image/QnKE7sCsMBPhQCLmaEWoGQ.jpg_400w_400h_4e","斐乐(FILA)潮流休闲板鞋男低帮运动鞋青春百搭配色舒适减震 sneak海外直邮 正品保证","138600.00","0","奢品海外专营店","苏宁","https://product.suning.com/0070653458/12446013311.html","2025-07-04 14:42","product"
"https://imgservice5.suning.cn/uimg1/b2c/image/DcJ2yW-j1MUmTPQMEs4dFA.jpg_400w_400h_4e","斐乐(FILA)男士休闲板鞋轻便舒适百搭运动鞋日常通勤鞋海外直邮 正品保证","147900.00","0","奢品海外专营店","苏宁","https://product.suning.com/0070653458/12446013320.html","2025-07-04 14:42","product"
"https://imgservice2.suning.cn/uimg1/b2c/image/ToplzJDEJ8myvQGBdcThMw.jpg_400w_400h_4e","斐乐(FILA)FILA男鞋休闲运动板鞋轻便舒适百搭潮流男士鞋子海外直邮 正品保证","161800.00","0","奢品海外专营店","苏宁","https://product.suning.com/0070653458/12446013461.html","2025-07-04 14:42","product"
"https://imgservice2.suning.cn/uimg1/b2c/image/0YP7f0mQ6ZB2-1okJw03Nw.jpg_400w_400h_4e","斐乐(FILA)女鞋低帮休闲运动鞋轻便舒适百搭配色春季新款女板鞋 Black_Leopard 39海外直邮 正品保证","151500.00","0","奢品海外专营店","苏宁","https://product.suning.com/0070653458/12446013470.html","2025-07-04 14:42","product"
"https://imgservice2.suning.cn/uimg1/b2c/image/risAfqy_4gG8IG9GCgNTzA.jpg_400w_400h_4e","斐乐(FILA)男款低帮休闲运动鞋轻便舒适百搭春季秋季潮流板鞋海外直邮 正品保证","192100.00","0","奢品海外专营店","苏宁","https://product.suning.com/0070653458/12446013484.html","2025-07-04 14:42","product"
"https://imgservice2.suning.cn/uimg1/b2c/image/xQzPv9t_O2DNC6gjj_Dcvw.jpg_400w_400h_4e","斐乐(FILA)女鞋休闲板鞋舒适百搭运动潮牌低帮帆布鞋春季新款女运海外直邮 正品保证","158800.00","0","奢品海外专营店","苏宁","https://product.suning.com/0070653458/12446013726.html","2025-07-04 14:42","product"
"https://imgservice1.suning.cn/uimg1/b2c/image/2OiDe_T84V1xnxiQkie13w.jpg_400w_400h_4e","斐乐(FILA)女鞋休闲板鞋轻便百搭舒适运动鞋潮秋季新款女学生平底海外直邮 正品保证","156300.00","0","奢品海外专营店","苏宁","https://product.suning.com/0070653458/12446013754.html","2025-07-04 14:42","product"
"https://imgservice1.suning.cn/uimg1/b2c/image/86x10GhbJN-YaABgcE1_UQ.jpg_400w_400h_4e","斐乐(FILA)经典复刻低帮休闲运动鞋男鞋百搭舒适潮流板鞋海外直邮 正品保证","150700.00","0","奢品海外专营店","苏宁","https://product.suning.com/0070653458/12446013791.html","2025-07-04 14:42","product"
"https://imgservice5.suning.cn/uimg1/b2c/image/j_SCGttJ9hySPTaowlxtVA.jpg_400w_400h_4e","斐乐(FILA)经典复刻板鞋男休闲运动鞋简约百搭时尚潮流百层底 sne海外直邮 正品保证","158500.00","0","奢品海外专营店","苏宁","https://product.suning.com/0070653458/12446013810.html","2025-07-04 14:42","product"
"https://imgservice2.suning.cn/uimg1/b2c/image/r2YuJC8zsbd2zf-bT7KkFA.jpg_400w_400h_4e","斐乐(FILA)潮流板鞋男鞋春季新款休闲运动鞋轻便百搭配色时尚男装海外直邮 正品保证","155600.00","0","奢品海外专营店","苏宁","https://product.suning.com/0070653458/12446014110.html","2025-07-04 14:42","product"
"https://imgservice1.suning.cn/uimg1/b2c/image/sIElSkRv6RKXLLPuVviNDA.jpg_400w_400h_4e","斐乐(FILA)男士休闲板鞋轻便百搭运动鞋春季夏季潮牌鞋子海外直邮 正品保证","176500.00","0","奢品海外专营店","苏宁","https://product.suning.com/0070653458/12446014161.html","2025-07-04 14:42","product"
"https://imgservice1.suning.cn/uimg1/b2c/image/X19v-8PKA9I-MKr-ersz8A.jpg_400w_400h_4e","斐乐(FILA)男士低帮休闲运动鞋轻便百搭舒适潮流板鞋海外直邮 正品保证","143800.00","0","奢品海外专营店","苏宁","https://product.suning.com/0070653458/12446014170.html","2025-07-04 14:42","product"
"https://imgservice3.suning.cn/uimg1/b2c/image/goeskQ5A4_oyCy7dW6wi4A.jpg_400w_400h_4e","斐乐(FILA)潮流复古板鞋男鞋百搭休闲运动鞋简约经典百搭男士鞋子 Coffee_Bean 41海外直邮 正品保证","154400.00","0","奢品海外专营店","苏宁","https://product.suning.com/0070653458/12446014288.html","2025-07-04 14:42","product"
"https://imgservice3.suning.cn/uimg1/b2c/image/_WIwetl5TbCUB-MRrOYbLw.jpg_400w_400h_4e","斐乐(FILA)男士复古运动板鞋休闲百搭撞色设计潮流轻便透气鞋子 Blue_Spruce 42海外直邮 正品保证","171000.00","0","奢品海外专营店","苏宁","https://product.suning.com/0070653458/12446014290.html","2025-07-04 14:42","product"
"https://imgservice3.suning.cn/uimg1/b2c/image/wtbi5QVFFXK2wzQ8xOeqvA.jpg_400w_400h_4e","斐乐(FILA)飞织网眼透气休闲板鞋男夏季新款轻便舒适运动鞋 White_Lapis_Blue 44海外直邮 正品保证","152600.00","0","奢品海外专营店","苏宁","https://product.suning.com/0070653458/12446014306.html","2025-07-04 14:42","product"
"https://imgservice2.suning.cn/uimg1/b2c/image/HyhYWWMxlLhAUZmGjJ99-Q.jpg_400w_400h_4e","斐乐(FILA)女士运动网球背心透气速干防臭UPF50+防晒弹力训练打底海外直邮 正品保证 支持鉴定 到货周期4-6周左右","100400.00","0","酷潮汇海外专营店","苏宁","https://product.suning.com/0070241966/12442955326.html","2025-07-04 14:42","product"
"https://imgservice2.suning.cn/uimg1/b2c/image/qSceSWRi30YN6FSYmQTyNQ.jpg_400w_400h_4e","斐乐(FILA)纯棉修身运动T恤男透气吸汗跑步训练比赛短袖上衣海外直邮 正品保证 支持鉴定 到货周期4-6周左右","83000.00","0","酷潮汇海外专营店","苏宁","https://product.suning.com/0070241966/12442955828.html","2025-07-04 14:42","product"
"https://imgservice3.suning.cn/uimg1/b2c/image/2yK35khrcUNvJBKZP95U3Q.jpg_400w_400h_4e","斐乐(FILA)男士运动T恤透气吸汗休闲简约百搭短袖纯棉圆领夏季上海外直邮 正品保证 支持鉴定 到货周期4-6周左右","86000.00","0","酷潮汇海外专营店","苏宁","https://product.suning.com/0070241966/12442955884.html","2025-07-04 14:42","product"
"https://imgservice4.suning.cn/uimg1/b2c/image/6nyCBQHjA_Z5BaNu4fA2dQ.jpg_400w_400h_4e","斐乐(FILA)男士运动T恤透气吸汗速干休闲简约百搭圆领短袖纯棉体海外直邮 正品保证 支持鉴定 到货周期4-6周左右","81500.00","0","酷潮汇海外专营店","苏宁","https://product.suning.com/0070241966/12442955894.html","2025-07-04 14:42","product"
"https://imgservice4.suning.cn/uimg1/b2c/image/J4AFXRrPRPWylMa0xngg9A.jpg_400w_400h_4e","斐乐(FILA)男士运动T恤透气速干休闲简约百搭潮牌印花短袖上衣海外直邮 正品保证 支持鉴定 到货周期4-6周左右","83000.00","0","酷潮汇海外专营店","苏宁","https://product.suning.com/0070241966/12442955908.html","2025-07-04 14:42","product"
"https://imgservice4.suning.cn/uimg1/b2c/image/5BZdB96XzNrSQRB720KkNA.jpg_400w_400h_4e","斐乐(FILA)男款撞色拼接透气速干抗UV网球T恤运动训练上衣海外直邮 正品保证 支持鉴定 到货周期4-6周左右","72800.00","0","酷潮汇海外专营店","苏宁","https://product.suning.com/0070241966/12442955926.html","2025-07-04 14:42","product"
"https://imgservice4.suning.cn/uimg1/b2c/image/q6vEOAXfT1S7g8GHD2aeag.jpg_400w_400h_4e","斐乐(FILA)纯棉修身运动T恤男透气速干训练比赛短袖上衣海外直邮 正品保证 支持鉴定 到货周期4-6周左右","83000.00","0","酷潮汇海外专营店","苏宁","https://product.suning.com/0070241966/12442955935.html","2025-07-04 14:42","product"
"https://imgservice5.suning.cn/uimg1/b2c/image/n4-sa8WYmlrBBH6TavsyvA.jpg_400w_400h_4e","斐乐(FILA)运动透气抗菌男款休闲运动T恤户外训练速干衣海外直邮 正品保证 支持鉴定 到货周期4-6周左右","81500.00","0","酷潮汇海外专营店","苏宁","https://product.suning.com/0070241966/12442955943.html","2025-07-04 14:42","product"
"https://imgservice4.suning.cn/uimg1/b2c/image/HVc60xP8IK7iVN49Fsg8vg.jpg_400w_400h_4e","斐乐(FILA)男士运动T恤透气吸汗速干休闲简约百搭基础款夏装海外直邮 正品保证 支持鉴定 到货周期4-6周左右","76500.00","0","酷潮汇海外专营店","苏宁","https://product.suning.com/0070241966/12442956316.html","2025-07-04 14:42","product"
"https://imgservice1.suning.cn/uimg1/b2c/image/nysL02vJxXpkiHD8TTPv_A.jpg_400w_400h_4e","斐乐(FILA)男士运动T恤透气速干休闲简约百搭圆领短袖纯棉体恤海外直邮 正品保证 支持鉴定 到货周期4-6周左右","92500.00","0","酷潮汇海外专营店","苏宁","https://product.suning.com/0070241966/12442956375.html","2025-07-04 14:42","product"
"https://imgservice3.suning.cn/uimg1/b2c/image/UTWzdUDdY1G0EZFGK_21Ag.jpg_400w_400h_4e","斐乐(FILA)男士运动T恤纯棉透气休闲短袖圆领百搭基础款夏装海外直邮 正品保证 支持鉴定 到货周期4-6周左右","91000.00","0","酷潮汇海外专营店","苏宁","https://product.suning.com/0070241966/12442956487.html","2025-07-04 14:42","product"
"https://imgservice3.suning.cn/uimg1/b2c/image/fhbKcTZNRA9-JmZbb60qOw.jpg_400w_400h_4e","斐乐(FILA)男士运动T恤透气吸汗休闲简约百搭纯棉短袖上衣海外直邮 正品保证 支持鉴定 到货周期4-6周左右","91300.00","0","酷潮汇海外专营店","苏宁","https://product.suning.com/0070241966/12442956502.html","2025-07-04 14:42","product"
"https://imgservice4.suning.cn/uimg1/b2c/image/oP4epGYwaE-DamLSCH5Bgg.jpg_400w_400h_4e","斐乐(FILA)运动潮流男士短袖T恤纯棉透气休闲百搭圆领夏季上衣海外直邮 正品保证 支持鉴定 到货周期4-6周左右","79500.00","0","酷潮汇海外专营店","苏宁","https://product.suning.com/0070241966/12442956534.html","2025-07-04 14:42","product"
"https://imgservice3.suning.cn/uimg1/b2c/image/397nxAqajL8IDdjreZdnCA.jpg_400w_400h_4e","斐乐(FILA)男运动T恤透气速干抗臭无缝网球短袖运动衣适合训练比海外直邮 正品保证 支持鉴定 到货周期4-6周左右","98000.00","0","酷潮汇海外专营店","苏宁","https://product.suning.com/0070241966/12442956758.html","2025-07-04 14:42","product"
"https://imgservice4.suning.cn/uimg1/b2c/image/ffV4c2Oc0RkIIvP8oyHl5A.jpg_400w_400h_4e","斐乐(FILA)环保再生材质运动T恤男款小logo设计训练吸汗透气舒适海外直邮 正品保证 支持鉴定 到货周期4-6周左右","83000.00","0","酷潮汇海外专营店","苏宁","https://product.suning.com/0070241966/12442957159.html","2025-07-04 14:42","product"
"https://imgservice4.suning.cn/uimg1/b2c/image/--ftSjLgc6kERd1k_hiJDQ.jpg_400w_400h_4e","斐乐(FILA)运动T恤男款吸汗速干透气舒适休闲百搭夏季男士短袖圆海外直邮 正品保证 支持鉴定 到货周期4-6周左右","65500.00","0","酷潮汇海外专营店","苏宁","https://product.suning.com/0070241966/12442957185.html","2025-07-04 14:42","product"
"https://imgservice4.suning.cn/uimg1/b2c/image/Gpdd3aNH6AqSM7AokGpmfg.jpg_400w_400h_4e","斐乐(FILA)运动男士小logo环保再生聚酯纤维训练T恤海外直邮 正品保证 支持鉴定 到货周期4-6周左右","82100.00","0","酷潮汇海外专营店","苏宁","https://product.suning.com/0070241966/12442957207.html","2025-07-04 14:42","product"
"https://imgservice4.suning.cn/uimg1/b2c/image/ZM0BciyQkdFTtCcsjgeAqA.jpg_400w_400h_4e","斐乐(FILA)女款吸湿排汗交叉背网球训练透气运动T恤白色蓝色活力 Blue XL海外直邮 正品保证 支持鉴定 到货周期4-6周左右","65300.00","0","酷潮汇海外专营店","苏宁","https://product.suning.com/0070241966/12445590041.html","2025-07-04 14:42","product"
"https://imgservice4.suning.cn/uimg1/b2c/image/z4eZzNAKUwd5wXl4VTa9eg.jpg_400w_400h_4e","斐乐(FILA)男士网球速干抗菌防晒弹力透气运动短袖拼色T恤海外直邮 正品保证 支持鉴定 到货周期4-6周左右","79500.00","0","酷潮汇海外专营店","苏宁","https://product.suning.com/0070241966/12445590079.html","2025-07-04 14:42","product"
"https://imgservice2.suning.cn/uimg1/b2c/image/TMMYpz03ugEVooQSOcWWxQ.jpg_400w_400h_4e","斐乐(FILA)男运动T恤速干防臭UPF50+防晒弹力透气网球训练衣海外直邮 正品保证 支持鉴定 到货周期4-6周左右","82000.00","0","酷潮汇海外专营店","苏宁","https://product.suning.com/0070241966/12445591309.html","2025-07-04 14:42","product"
"https://imgservice3.suning.cn/uimg1/b2c/image/RF1EVBulkYbiSyZu4qhHzw.jpg_400w_400h_4e","斐乐(FILA)男士运动T恤吸汗速干透气舒适休闲百搭纯棉短袖上衣海外直邮 正品保证 支持鉴定 到货周期4-6周左右","91000.00","0","酷潮汇海外专营店","苏宁","https://product.suning.com/0070241966/12445591975.html","2025-07-04 14:42","product"
"https://imgservice3.suning.cn/uimg1/b2c/image/xceUI4ApSUnxk8Ork9j5XQ.jpg_400w_400h_4e","斐乐(FILA)男运动T恤透气抗微生物速干跑步健身休闲上衣海外直邮 正品保证 支持鉴定 到货周期4-6周左右","83000.00","0","酷潮汇海外专营店","苏宁","https://product.suning.com/0070241966/12445591988.html","2025-07-04 14:42","product"
"https://imgservice5.suning.cn/uimg1/b2c/image/-STDIhVlpWdhSx2EdIeOog.jpg_400w_400h_4e","斐乐(FILA)女款短袖网眼背网球上衣防晒速干抗菌透气运动T恤海外直邮 正品保证 支持鉴定 到货周期4-6周左右","80500.00","0","酷潮汇海外专营店","苏宁","https://product.suning.com/0070241966/12445593901.html","2025-07-04 14:42","product"
"https://imgservice5.suning.cn/uimg1/b2c/image/oPFMJxuq37oMmZGm1cJrjw.jpg_400w_400h_4e","斐乐(FILA)女款运动吸湿速干印花背心网球训练潮酷百搭透气比赛款海外直邮 正品保证 支持鉴定 到货周期4-6周左右","63600.00","0","酷潮汇海外专营店","苏宁","https://product.suning.com/0070241966/12445594048.html","2025-07-04 14:42","product"
"https://imgservice4.suning.cn/uimg1/b2c/image/CcoOc_g89uIxlrxHs_-DJg.jpg_400w_400h_4e","斐乐(FILA)男士运动T恤小logo设计舒适透气环保再生聚酯纤维训练海外直邮 正品保证 支持鉴定 到货周期4-6周左右","86300.00","0","酷潮汇海外专营店","苏宁","https://product.suning.com/0070241966/12445594065.html","2025-07-04 14:42","product"
"https://imgservice1.suning.cn/uimg1/b2c/image/wy20xW-ziiyp2_djpbvz6A.jpg_400w_400h_4e","斐乐(FILA)Fila男士网球鞋新款流线型设计防滑耐磨缓震稳定白蓝绿海外直邮 正品保证 支持鉴定 到货周期4-6周左右","152000.00","0","酷潮汇海外专营店","苏宁","https://product.suning.com/0070241966/12442061325.html","2025-07-04 14:42","product"
"https://imgservice3.suning.cn/uimg1/b2c/image/T9uos6j30oz_K5R19Mnzyg.jpg_400w_400h_4e","斐乐(FILA)女士专业级缓震透气网球鞋白色海外直邮 正品保证 支持鉴定 到货周期4-6周左右","137000.00","0","酷潮汇海外专营店","苏宁","https://product.suning.com/0070241966/12442061403.html","2025-07-04 14:42","product"
"https://imgservice3.suning.cn/uimg1/b2c/image/w1mZFBDGFKE9Dz-Fi9Ltzg.jpg_400w_400h_4e","斐乐(FILA)男士快速ACE网球鞋黑影绿高性能舒适耐磨运动鞋海外直邮 正品保证 支持鉴定 到货周期4-6周左右","122000.00","0","酷潮汇海外专营店","苏宁","https://product.suning.com/0070241966/12442061432.html","2025-07-04 14:42","product"
"https://imgservice4.suning.cn/uimg1/b2c/image/sENShGyRkZ4JgRi38yzHSQ.jpg_400w_400h_4e","斐乐(FILA)Men'sVolleyZonePickleballShoesWhiteHighBreathabili海外直邮 正品保证 支持鉴定 到货周期4-6周左右","129500.00","0","酷潮汇海外专营店","苏宁","https://product.suning.com/0070241966/12442061692.html","2025-07-04 14:42","product"
"https://imgservice5.suning.cn/uimg1/b2c/image/8jrFFjGnxpMqIXXx9aB2lA.jpg_400w_400h_4e","斐乐(FILA)女士网球鞋轻便透气高回弹抗磨DawnDress蓝海外直邮 正品保证 支持鉴定 到货周期4-6周左右","144500.00","0","酷潮汇海外专营店","苏宁","https://product.suning.com/0070241966/12442061757.html","2025-07-04 14:42","product"
"https://imgservice2.suning.cn/uimg1/b2c/image/KbmsyMnlU0M8jYS4XZWM2w.jpg_400w_400h_4e","斐乐(FILA)女士网球鞋MarmaladeTibetanRed新款轻量缓震防滑耐用海外直邮 正品保证 支持鉴定 到货周期4-6周左右","152000.00","0","酷潮汇海外专营店","苏宁","https://product.suning.com/0070241966/12442062514.html","2025-07-04 14:42","product"
"https://imgservice3.suning.cn/uimg1/b2c/image/sd2olUbtKhmNIsfR3tUidg.jpg_400w_400h_4e","斐乐(FILA)Fila男式网羽球鞋透气耐磨抗扭转海军红海外直邮 正品保证 支持鉴定 到货周期4-6周左右","152000.00","0","酷潮汇海外专营店","苏宁","https://product.suning.com/0070241966/12442133259.html","2025-07-04 14:42","product"
"https://imgservice3.suning.cn/uimg1/b2c/image/b01HXhNcBRlROkiiRtnNWg.jpg_400w_400h_4e","斐乐(FILA)男士专业级缓震透气网眼排球鞋小白鞋海外直邮 正品保证 支持鉴定 到货周期4-6周左右","137000.00","0","酷潮汇海外专营店","苏宁","https://product.suning.com/0070241966/12442133469.html","2025-07-04 14:42","product"
"https://imgservice3.suning.cn/uimg1/b2c/image/w5baALeztXQql0YTEGHMOg.jpg_400w_400h_4e","斐乐(FILA)男子排克球鞋灰绿专为pickleball设计缓震透气耐磨户外海外直邮 正品保证 支持鉴定 到货周期4-6周左右","129500.00","0","酷潮汇海外专营店","苏宁","https://product.suning.com/0070241966/12446008382.html","2025-07-04 14:42","product"
"https://imgservice2.suning.cn/uimg1/b2c/image/HtOLkA5f577smbgVayNgUQ.jpg_400w_400h_4e","斐乐(FILA)男子排舞pickleball鞋透气缓震稳定专业网球鞋白蓝 White 45海外直邮 正品保证 支持鉴定 到货周期4-6周左右","137000.00","0","酷潮汇海外专营店","苏宁","https://product.suning.com/0070241966/12446008430.html","2025-07-04 14:42","product"
"https://imgservice1.suning.cn/uimg1/b2c/image/DGyLlg-SDJKB6X2E-2rxkA.jpg_400w_400h_4e","斐乐(FILA)男子网球鞋轻便稳定支撑透气运动鞋赛场休闲鞋海外直邮 正品保证 支持鉴定 到货周期4-6周左右","127500.00","0","酷潮汇海外专营店","苏宁","https://product.suning.com/0070241966/12446008447.html","2025-07-04 14:42","product"
"https://imgservice1.suning.cn/uimg1/b2c/image/-g3XspKbbAU9acAeDkl5QQ.jpg_400w_400h_4e","斐乐(FILA)男子网球鞋透气舒适耐磨专业训练鞋适合 Clay球场海外直邮 正品保证 支持鉴定 到货周期4-6周左右","162400.00","0","酷潮汇海外专营店","苏宁","https://product.suning.com/0070241966/12446008470.html","2025-07-04 14:42","product"
"https://imgservice1.suning.cn/uimg1/b2c/image/JYQ8ySwilu5BWBX2I4hD2g.jpg_400w_400h_4e","斐乐(FILA)男款网球鞋轻便缓震防滑耐磨专业运动鞋白蓝绿 Whitecap_and_Malachite_Green 40海外直邮 正品保证 支持鉴定 到货周期4-6周左右","153500.00","0","酷潮汇海外专营店","苏宁","https://product.suning.com/0070241966/12446008479.html","2025-07-04 14:42","product"
"https://imgservice2.suning.cn/uimg1/b2c/image/T3NHUulKBttlJgFXuZknRA.jpg_400w_400h_4e","斐乐(FILA)fila男网鞋透气支撑保护橡胶头层鞋男子专业网球运动鞋海外直邮 正品保证 支持鉴定 到货周期4-6周左右","130600.00","0","酷潮汇海外专营店","苏宁","https://product.suning.com/0070241966/12446008909.html","2025-07-04 14:42","product"
"https://imgservice2.suning.cn/uimg1/b2c/image/Os-cyPWv_GqggJjmY_VxZQ.jpg_400w_400h_4e","斐乐(FILA)女士休闲专业级网球鞋舒适耐用防滑减震运动鞋白色海外直邮 正品保证 支持鉴定 到货周期4-6周左右","129700.00","0","酷潮汇海外专营店","苏宁","https://product.suning.com/0070241966/12446008930.html","2025-07-04 14:42","product"
"https://imgservice1.suning.cn/uimg1/b2c/image/CSHR9ppPcAZ_dWcbGfq8_w.jpg_400w_400h_4e","斐乐(FILA)女款专业级排球鞋粉色轻便缓震透气耐磨户外运动鞋 Pink_____We_encourage_you_to_c 40海外直邮 正品保证 支持鉴定 到货周期4-6周左右","137000.00","0","酷潮汇海外专营店","苏宁","https://product.suning.com/0070241966/12446008965.html","2025-07-04 14:42","product"
"https://imgservice5.suning.cn/uimg1/b2c/image/atL1ivo2R2-nhq8YRxnGcw.jpg_400w_400h_4e","斐乐(FILA)斐济男网鞋透气舒适缓震支撑专业男子网球训练运动鞋海外直邮 正品保证 支持鉴定 到货周期4-6周左右","154700.00","0","酷潮汇海外专营店","苏宁","https://product.suning.com/0070241966/12446008990.html","2025-07-04 14:42","product"
"https://imgservice5.suning.cn/uimg1/b2c/image/hWW9kbBSZGqDdYneaWqcEA.jpg_400w_400h_4e","斐乐(FILA)男子网球鞋专业支撑防滑橡胶加固鞋底轻便舒适运动鞋海外直邮 正品保证 支持鉴定 到货周期4-6周左右","176500.00","0","酷潮汇海外专营店","苏宁","https://product.suning.com/0070241966/12446008999.html","2025-07-04 14:42","product"
"https://imgservice2.suning.cn/uimg1/b2c/image/xEd-o_nZ9dUE5xQjn4nVZw.jpg_400w_400h_4e","斐乐(FILA)男子网球鞋透气缓震支撑专业运动鞋户外休闲跑步鞋海外直邮 正品保证 支持鉴定 到货周期4-6周左右","187600.00","0","酷潮汇海外专营店","苏宁","https://product.suning.com/0070241966/12446009031.html","2025-07-04 14:42","product"
"https://imgservice2.suning.cn/uimg1/b2c/image/LkReVW_c9EPDPU-KLMauKg.jpg_400w_400h_4e","斐乐(FILA)男款FX25网球鞋休闲运动鞋白蓝撞色时尚百搭多功能跑步海外直邮 正品保证 支持鉴定 到货周期4-6周左右","244200.00","0","酷潮汇海外专营店","苏宁","https://product.suning.com/0070241966/12446009056.html","2025-07-04 14:42","product"
"https://imgservice2.suning.cn/uimg1/b2c/image/c9NRmtGw0LPqVrkJzfQ1tA.jpg_400w_400h_4e","斐乐(FILA)女款FX25网球鞋百搭时尚休闲运动鞋白蓝撞色女士跑步鞋海外直邮 正品保证 支持鉴定 到货周期4-6周左右","244900.00","0","酷潮汇海外专营店","苏宁","https://product.suning.com/0070241966/12446009290.html","2025-07-04 14:42","product"
"https://imgservice1.suning.cn/uimg1/b2c/image/TdGTslEXwNpEbWrB9Ynvzw.jpg_400w_400h_4e","斐乐(FILA)斐济男士网球鞋透气舒适缓震支撑专业运动鞋海外直邮 正品保证 支持鉴定 到货周期4-6周左右","134000.00","0","酷潮汇海外专营店","苏宁","https://product.suning.com/0070241966/12446009348.html","2025-07-04 14:42","product"
"https://imgservice5.suning.cn/uimg1/b2c/image/sFfjPYbLxCUqt-O8XtP6og.jpg_400w_400h_4e","斐乐(FILA)男款专业pickleball运动鞋透气缓震稳定白色网球鞋 White_____We_encourage_you_to_ 45海外直邮 正品保证 支持鉴定 到货周期4-6周左右","129500.00","0","酷潮汇海外专营店","苏宁","https://product.suning.com/0070241966/12446009409.html","2025-07-04 14:42","product"
"https://imgservice5.suning.cn/uimg1/b2c/image/nD7lotAkColw8IPO71aVTg.jpg_400w_400h_4e","斐乐(FILA)男款网球鞋轻便缓震透气合成材质PU防磨鞋海外直邮 正品保证 支持鉴定 到货周期4-6周左右","176600.00","0","酷潮汇海外专营店","苏宁","https://product.suning.com/0070241966/12446009418.html","2025-07-04 14:42","product"
"https://imgservice1.suning.cn/uimg1/b2c/image/QZnVLBZndok4DbhKpDtGBg.jpg_400w_400h_4e","斐乐(FILA)男子专业网球鞋透气防滑耐磨缓震运动鞋 clay场专属海外直邮 正品保证 支持鉴定 到货周期4-6周左右","129100.00","0","酷潮汇海外专营店","苏宁","https://product.suning.com/0070241966/12446009589.html","2025-07-04 14:42","product"
"https://imgservice1.suning.cn/uimg1/b2c/image/Bj4d185M0peern-dIURO1g.jpg_400w_400h_4e","斐乐(FILA)男子网球鞋透气缓震舒适专业比赛训练鞋 clay场专属海外直邮 正品保证 支持鉴定 到货周期4-6周左右","169500.00","0","酷潮汇海外专营店","苏宁","https://product.suning.com/0070241966/12446009604.html","2025-07-04 14:42","product"
"https://imgservice3.suning.cn/uimg1/b2c/image/pIHNvkn0cCtWLH_Z65F5qA.jpg_400w_400h_4e","斐乐(FILA)女款网球鞋轻便缓震耐磨多向抓地力运动鞋橙红拼色海外直邮 正品保证 支持鉴定 到货周期4-6周左右","152000.00","0","酷潮汇海外专营店","苏宁","https://product.suning.com/0070241966/12446072012.html","2025-07-04 14:42","product"
"https://imgservice5.suning.cn/uimg1/b2c/image/EjaPOkqf_IWAfjdsurNtdw.jpg_400w_400h_4e","斐乐(FILA)男子排克球鞋专业性能网布透气缓震支撑户外休闲运动鞋海外直邮 正品保证 支持鉴定 到货周期4-6周左右","129500.00","0","酷潮汇海外专营店","苏宁","https://product.suning.com/0070241966/12446173689.html","2025-07-04 14:42","product"
"https://imgservice5.suning.cn/uimg1/b2c/image/ahNj5bMR9qWHHedgOGf6WQ.jpg_400w_400h_4e","斐乐(FILA)女士专业竞训网羽鞋白皙舒适防滑耐用挑战场地运动鞋海外直邮 正品保证 支持鉴定 到货周期4-6周左右","130400.00","0","酷潮汇海外专营店","苏宁","https://product.suning.com/0070241966/12446242378.html","2025-07-04 14:42","product"
"https://imgservice2.suning.cn/uimg1/b2c/image/1pyQcGo3rnxb1Eg8SP-FFw.jpg_400w_400h_4e","斐乐(FILA)女士网球鞋休闲百搭防滑减震运动鞋白蓝撞色设计赛场训海外直邮 正品保证 支持鉴定 到货周期4-6周左右","122200.00","0","酷潮汇海外专营店","苏宁","https://product.suning.com/0070241966/12446242498.html","2025-07-04 14:42","product"
"https://imgservice2.suning.cn/uimg1/b2c/image/Z2IWiXtZoVfCZvjN_KCa6Q.jpg_400w_400h_4e","斐乐(FILA)女士网球鞋轻便舒适耐磨防滑运动训练鞋白灰拼色海外直邮 正品保证 支持鉴定 到货周期4-6周左右","122200.00","0","酷潮汇海外专营店","苏宁","https://product.suning.com/0070241966/12446242513.html","2025-07-04 14:42","product"
"https://imgservice2.suning.cn/uimg1/b2c/image/0en66SffZHIggIuD61Bi1w.jpg_400w_400h_4e","斐乐(FILA)女士网球鞋轻便舒适运动鞋休闲跑步鞋青春活力百搭 sne海外直邮 正品保证 支持鉴定 到货周期4-6周左右","115800.00","0","酷潮汇海外专营店","苏宁","https://product.suning.com/0070241966/12446242528.html","2025-07-04 14:42","product"
"https://imgservice1.suning.cn/uimg1/b2c/image/eQyIg1Ing7ymOOYWNCEbeg.jpg_400w_400h_4e","斐乐(FILA)女款网球鞋新款轻量缓震防滑耐磨多向牵引运动鞋PinkGl海外直邮 正品保证 支持鉴定 到货周期4-6周左右","122200.00","0","酷潮汇海外专营店","苏宁","https://product.suning.com/0070241966/12446242539.html","2025-07-04 14:42","product"
"https://imgservice1.suning.cn/uimg1/b2c/image/7L_pdKCu-ACwU6BSqfOL8A.jpg_400w_400h_4e","斐乐(FILA)男子网球鞋白色黑色新款缓震防滑耐磨专业运动鞋海外直邮 正品保证 支持鉴定 到货周期4-6周左右","152000.00","0","酷潮汇海外专营店","苏宁","https://product.suning.com/0070241966/12446242560.html","2025-07-04 14:42","product"
"https://imgservice1.suning.cn/uimg1/b2c/image/VlJnwdniBaySj6LAK5KXcQ.jpg_400w_400h_4e","斐乐(FILA)男子网羽鞋专业级排球鞋白色绿色抓地防滑耐磨透气运动海外直邮 正品保证 支持鉴定 到货周期4-6周左右","137100.00","0","酷潮汇海外专营店","苏宁","https://product.suning.com/0070241966/12446242576.html","2025-07-04 14:42","product"
"https://imgservice5.suning.cn/uimg1/b2c/image/wlqjo8Qu4KDchscTZ0cQcQ.jpg_400w_400h_4e","斐乐(FILA)男子网训两穿运动鞋透气耐磨专业比赛训练鞋蓝灰海外直邮 正品保证 支持鉴定 到货周期4-6周左右","144500.00","0","酷潮汇海外专营店","苏宁","https://product.suning.com/0070241966/12446242583.html","2025-07-04 14:42","product"
"https://imgservice2.suning.cn/uimg1/b2c/image/WteOJP0vsv1LBb5GiMeAuQ.jpg_400w_400h_4e","斐乐(FILA)女子网球鞋轻便缓震透气专业级运动休闲鞋棉花糖粉撞色海外直邮 正品保证 支持鉴定 到货周期4-6周左右","137000.00","0","酷潮汇海外专营店","苏宁","https://product.suning.com/0070241966/12446242732.html","2025-07-04 14:42","product"
"https://imgservice2.suning.cn/uimg1/b2c/image/woYzJp4AHiGyyGTE57z9sA.jpg_400w_400h_4e","斐乐(FILA)女款网球鞋轻便灵活专业运动高回弹舒适休闲鞋 Knockout_Pink/Safety_Yellow/Bl 40海外直邮 正品保证 支持鉴定 到货周期4-6周左右","114500.00","0","酷潮汇海外专营店","苏宁","https://product.suning.com/0070241966/12446242746.html","2025-07-04 14:42","product"
"https://imgservice2.suning.cn/uimg1/b2c/image/fR7Dt6mXKdF9XBc3UtsPJg.jpg_400w_400h_4e","斐乐(FILA)男子排球运动pickleball鞋白蓝撞色透气缓震专业网球鞋 White 45海外直邮 正品保证 支持鉴定 到货周期4-6周左右","137000.00","0","酷潮汇海外专营店","苏宁","https://product.suning.com/0070241966/12446242756.html","2025-07-04 14:42","product"
"https://imgservice5.suning.cn/uimg1/b2c/image/l1iGqshR7j4XS1CLDiGq1g.jpg_400w_400h_4e","斐乐(FILA)女士网球鞋休闲百搭专业缓震耐磨运动鞋户外训练鞋海外直邮 正品保证 支持鉴定 到货周期4-6周左右","122300.00","0","酷潮汇海外专营店","苏宁","https://product.suning.com/0070241966/12446275835.html","2025-07-04 14:42","product"
"https://imgservice2.suning.cn/uimg1/b2c/image/VckExTXm4v_ZKMzyPu8gLA.jpg_400w_400h_4e","1月新书 价值理论手册 [日]岩尾广濑 [瑞典]约纳斯·奥尔森 编 陈晓曦 王欣欣 李奕斐 陈婕 马乐惠 译 商务印书馆新商品上架","23100.00","0","句字图书专营店","苏宁","https://product.suning.com/0071602506/12444598629.html","2025-07-04 14:42","product"
"https://imgservice3.suning.cn/uimg1/b2c/image/EmhCG0_OSyc3LjLdYcHk0w.jpg_400w_400h_4e","[正版] 国际贸易理论与政策 罗晓斐 书店 WTO 书籍 读乐尔书正版图书 品质保障","4300.00","0","友一个图书专营店","苏宁","https://product.suning.com/0071487071/12436479423.html","2025-07-04 14:42","product"
"https://imgservice4.suning.cn/uimg1/b2c/image/SkPM62caAFRHd6FHDa6hdg.jpg_400w_400h_4e","[正版]正邮 国际贸易实务 张君斐 书店 国际贸易 中国农业大学出版社书籍 读乐尔书正版图书 品质保障","3100.00","0","友一个图书专营店","苏宁","https://product.suning.com/0071487071/12436478223.html","2025-07-04 14:42","product"
"https://imgservice2.suning.cn/uimg1/b2c/image/1p-s3q2N8RuRsuDin6dK_A.jpg_400w_400h_4e","[N]法律心理学(研究与应用第4版)(精)/西方应用心理学前沿译丛-9787553691404本书获得了众多专家的推荐或权威评价，许多业内人士和读者纷纷表示它是一部不可错过的佳作。","8576.00","0","文源图书专营店","苏宁","https://product.suning.com/0071600121/12428958224.html","2025-07-04 14:42","product"
"https://imgservice4.suning.cn/uimg1/b2c/image/NlU2ILCqmq0uMcep8EoEQQ.png_400w_400h_4e","正版新书]中国读本丛书-百年沧桑的中国梦:中国梦是怎样的梦想全店均为全新正版书籍，欢迎选购！新疆西藏青海(可包挂刷).港澳台及海外地区bu bao快递","11820.00","0","君凤文轩图书专营店","苏宁","https://product.suning.com/0070172873/12443986431.html","2025-07-04 14:42","product"
